curve_id,fuel_mM,sub_uM,rh_uM,mb_uM,t_min,nah_uM
fuel_20mM,20.0,80,40,0,0.0,0.0
fuel_20mM,20.0,80,40,0,0.33,0.2
fuel_20mM,20.0,80,40,0,1.05,1.6
fuel_20mM,20.0,80,40,0,3.0,5.6
fuel_20mM,20.0,80,40,0,5.0,9.8
fuel_20mM,20.0,80,40,0,10.0,19.8
fuel_20mM,20.0,80,40,0,15.0,28.599999999999998
fuel_20mM,20.0,80,40,0,20.0,36.0
fuel_20mM,20.0,80,40,0,25.0,41.8
fuel_20mM,20.0,80,40,0,30.0,46.6
fuel_20mM,20.0,80,40,0,35.0,49.4
fuel_20mM,20.0,80,40,0,40.0,51.4
fuel_20mM,20.0,80,40,0,45.0,52.6
fuel_20mM,20.0,80,40,0,50.0,53.2
fuel_20mM,20.0,80,40,0,55.0,53.6
fuel_20mM,20.0,80,40,0,60.0,53.6
fuel_10mM,10.0,80,40,0,0.0,0.0
fuel_10mM,10.0,80,40,0,1.16,1.6
fuel_10mM,10.0,80,40,0,3.0,3.8
fuel_10mM,10.0,80,40,0,5.33,7.199999999999999
fuel_10mM,10.0,80,40,0,10.0,13.8
fuel_10mM,10.0,80,40,0,15.0,20.799999999999997
fuel_10mM,10.0,80,40,0,20.0,26.8
fuel_10mM,10.0,80,40,0,25.0,32.4
fuel_10mM,10.0,80,40,0,30.0,36.8
fuel_10mM,10.0,80,40,0,35.0,40.8
fuel_10mM,10.0,80,40,0,40.0,44.0
fuel_10mM,10.0,80,40,0,45.0,46.4
fuel_10mM,10.0,80,40,0,50.0,48.4
fuel_10mM,10.0,80,40,0,55.0,50.0
fuel_10mM,10.0,80,40,0,60.0,50.8
fuel_5mM,5.0,80,40,0,0.0,0.0
fuel_5mM,5.0,80,40,0,0.58,1.6
fuel_5mM,5.0,80,40,0,1.2,2.1999999999999997
fuel_5mM,5.0,80,40,0,3.0,3.2
fuel_5mM,5.0,80,40,0,5.0,4.2
fuel_5mM,5.0,80,40,0,10.0,7.199999999999999
fuel_5mM,5.0,80,40,0,15.0,9.8
fuel_5mM,5.0,80,40,0,20.0,11.4
fuel_5mM,5.0,80,40,0,25.0,12.4
fuel_5mM,5.0,80,40,0,30.0,14.799999999999999
fuel_5mM,5.0,80,40,0,35.0,17.0
fuel_5mM,5.0,80,40,0,40.0,19.0
fuel_5mM,5.0,80,40,0,45.0,20.799999999999997
fuel_5mM,5.0,80,40,0,50.0,22.6
fuel_5mM,5.0,80,40,0,55.0,24.0
fuel_5mM,5.0,80,40,0,60.0,25.4
fuel_2p5mM,2.5,80,40,0,0.0,0.0
fuel_2p5mM,2.5,80,40,0,0.5,0.0
fuel_2p5mM,2.5,80,40,0,1.1,0.2
fuel_2p5mM,2.5,80,40,0,3.0,1.0
fuel_2p5mM,2.5,80,40,0,5.0,1.7999999999999998
fuel_2p5mM,2.5,80,40,0,10.0,3.4000000000000004
fuel_2p5mM,2.5,80,40,0,15.0,5.199999999999999
fuel_2p5mM,2.5,80,40,0,20.0,6.800000000000001
fuel_2p5mM,2.5,80,40,0,25.0,8.4
fuel_2p5mM,2.5,80,40,0,30.0,9.8
fuel_2p5mM,2.5,80,40,0,35.0,11.2
fuel_2p5mM,2.5,80,40,0,40.0,12.4
fuel_2p5mM,2.5,80,40,0,45.0,13.600000000000001
fuel_2p5mM,2.5,80,40,0,50.0,14.6
fuel_2p5mM,2.5,80,40,0,55.0,15.6
fuel_2p5mM,2.5,80,40,0,60.0,16.4
rh_40uM,20.0,80,40,0,0.0,0.0
rh_40uM,20.0,80,40,0,0.66,1.7999999999999998
rh_40uM,20.0,80,40,0,1.5,3.0
rh_40uM,20.0,80,40,0,2.5,4.3999999999999995
rh_40uM,20.0,80,40,0,4.0,6.800000000000001
rh_40uM,20.0,80,40,0,7.0,10.6
rh_40uM,20.0,80,40,0,8.5,15.0
rh_40uM,20.0,80,40,0,12.5,20.2
rh_40uM,20.0,80,40,0,18.0,26.2
rh_40uM,20.0,80,40,0,28.0,36.0
rh_40uM,20.0,80,40,0,41.0,44.8
rh_40uM,20.0,80,40,0,50.0,48.8
rh_40uM,20.0,80,40,0,55.0,50.8
rh_40uM,20.0,80,40,0,60.0,52.0
rh_60uM,20.0,80,60,0,0.0,0.0
rh_60uM,20.0,80,60,0,0.5,2.0
rh_60uM,20.0,80,60,0,1.5,4.6
rh_60uM,20.0,80,60,0,3.0,7.6
rh_60uM,20.0,80,60,0,7.5,12.6
rh_60uM,20.0,80,60,0,10.0,18.599999999999998
rh_60uM,20.0,80,60,0,14.0,24.2
rh_60uM,20.0,80,60,0,20.0,32.0
rh_60uM,20.0,80,60,0,25.0,41.199999999999996
rh_60uM,20.0,80,60,0,30.0,45.6
rh_60uM,20.0,80,60,0,35.0,48.199999999999996
rh_60uM,20.0,80,60,0,40.0,49.6
rh_60uM,20.0,80,60,0,45.0,50.199999999999996
rh_80uM,20.0,80,80,0,0.0,0.0
rh_80uM,20.0,80,80,0,0.5,2.5999999999999996
rh_80uM,20.0,80,80,0,1.5,6.2
rh_80uM,20.0,80,80,0,3.0,11.4
rh_80uM,20.0,80,80,0,5.0,18.599999999999998
rh_80uM,20.0,80,80,0,8.0,28.000000000000004
rh_80uM,20.0,80,80,0,11.0,35.0
rh_80uM,20.0,80,80,0,14.0,39.800000000000004
rh_80uM,20.0,80,80,0,18.0,43.8
rh_80uM,20.0,80,80,0,22.0,45.800000000000004
rh_80uM,20.0,80,80,0,26.0,46.6
rh_100uM,20.0,80,100,0,0.0,0.0
rh_100uM,20.0,80,100,0,0.5,3.4000000000000004
rh_100uM,20.0,80,100,0,1.5,8.6
rh_100uM,20.0,80,100,0,2.5,13.0
rh_100uM,20.0,80,100,0,4.0,20.0
rh_100uM,20.0,80,100,0,6.0,27.6
rh_100uM,20.0,80,100,0,8.0,33.4
rh_100uM,20.0,80,100,0,10.5,38.6
rh_100uM,20.0,80,100,0,13.0,41.8
rh_100uM,20.0,80,100,0,15.0,43.4
rh_100uM,20.0,80,100,0,17.0,44.0
sub_100uM,20.0,100,40,0,0.0,0.0
sub_100uM,20.0,100,40,0,0.33,2.0
sub_100uM,20.0,100,40,0,1.1,3.4000000000000004
sub_100uM,20.0,100,40,0,3.0,7.000000000000001
sub_100uM,20.0,100,40,0,5.0,10.399999999999999
sub_100uM,20.0,100,40,0,10.0,19.0
sub_100uM,20.0,100,40,0,15.0,27.200000000000003
sub_100uM,20.0,100,40,0,20.0,34.599999999999994
sub_100uM,20.0,100,40,0,25.0,41.4
sub_100uM,20.0,100,40,0,30.0,46.99999999999999
sub_100uM,20.0,100,40,0,35.0,52.0
sub_100uM,20.0,100,40,0,40.0,55.800000000000004
sub_100uM,20.0,100,40,0,45.0,58.8
sub_100uM,20.0,100,40,0,50.0,61.0
sub_100uM,20.0,100,40,0,55.0,62.4
sub_100uM,20.0,100,40,0,60.0,63.4
sub_100uM,20.0,100,40,0,65.0,63.8
sub_100uM,20.0,100,40,0,70.0,64.2
sub_100uM,20.0,100,40,0,75.0,64.4
sub_80uM,20.0,80,40,0,0.0,0.0
sub_80uM,20.0,80,40,0,0.66,2.5999999999999996
sub_80uM,20.0,80,40,0,1.5,4.2
sub_80uM,20.0,80,40,0,3.0,8.0
sub_80uM,20.0,80,40,0,5.0,12.6
sub_80uM,20.0,80,40,0,10.0,23.2
sub_80uM,20.0,80,40,0,15.0,32.6
sub_80uM,20.0,80,40,0,20.0,39.6
sub_80uM,20.0,80,40,0,25.0,44.8
sub_80uM,20.0,80,40,0,30.0,48.199999999999996
sub_80uM,20.0,80,40,0,35.0,49.8
sub_80uM,20.0,80,40,0,40.0,51.0
sub_80uM,20.0,80,40,0,45.0,51.0
sub_80uM,20.0,80,40,0,50.0,51.2
sub_80uM,20.0,80,40,0,55.0,51.2
sub_80uM,20.0,80,40,0,60.0,51.0
sub_60uM,20.0,60,40,0,0.0,0.0
sub_60uM,20.0,60,40,0,0.45,2.0
sub_60uM,20.0,60,40,0,1.33,4.3999999999999995
sub_60uM,20.0,60,40,0,3.0,9.0
sub_60uM,20.0,60,40,0,5.0,14.2
sub_60uM,20.0,60,40,0,10.0,25.0
sub_60uM,20.0,60,40,0,15.0,32.0
sub_60uM,20.0,60,40,0,20.0,35.8
sub_60uM,20.0,60,40,0,25.0,37.6
sub_60uM,20.0,60,40,0,30.0,38.0
sub_60uM,20.0,60,40,0,35.0,38.2
sub_60uM,20.0,60,40,0,40.0,38.0
sub_60uM,20.0,60,40,0,45.0,37.8
sub_40uM,20.0,40,40,0,0.0,0.0
sub_40uM,20.0,40,40,0,0.5,2.0
sub_40uM,20.0,40,40,0,1.5,4.6
sub_40uM,20.0,40,40,0,3.0,8.4
sub_40uM,20.0,40,40,0,5.0,12.8
sub_40uM,20.0,40,40,0,10.0,20.4
sub_40uM,20.0,40,40,0,15.0333,24.0
sub_40uM,20.0,40,40,0,20.0,25.0
sub_40uM,20.0,40,40,0,25.0,25.2
sub_40uM,20.0,40,40,0,30.0,25.0
mb_20uM,20.0,80,40,20,0.0,0.0
mb_20uM,20.0,80,40,20,0.5,1.200000000000001
mb_20uM,20.0,80,40,20,2.0,2.8000000000000025
mb_20uM,20.0,80,40,20,6.0,5.200000000000005
mb_20uM,20.0,80,40,20,9.0,6.0
mb_20uM,20.0,80,40,20,13.0,7.000000000000001
mb_20uM,20.0,80,40,20,18.0,7.400000000000001
mb_20uM,20.0,80,40,20,22.0,7.600000000000001
mb_20uM,20.0,80,40,20,29.0,8.000000000000002
mb_20uM,20.0,80,40,20,40.0,8.400000000000002
mb_20uM,20.0,80,40,20,53.0,8.600000000000001
mb_20uM,20.0,80,40,20,60.0,8.600000000000001
mb_12uM,20.0,80,40,12,0.0,0.0
mb_12uM,20.0,80,40,12,0.5,1.6000000000000014
mb_12uM,20.0,80,40,12,2.0,3.5999999999999974
mb_12uM,20.0,80,40,12,4.0,5.6
mb_12uM,20.0,80,40,12,6.0,7.200000000000001
mb_12uM,20.0,80,40,12,9.0,8.999999999999996
mb_12uM,20.0,80,40,12,12.0,10.199999999999998
mb_12uM,20.0,80,40,12,15.0,11.2
mb_12uM,20.0,80,40,12,19.0,12.6
mb_12uM,20.0,80,40,12,24.0,13.4
mb_12uM,20.0,80,40,12,30.0,14.600000000000001
mb_12uM,20.0,80,40,12,41.0,15.599999999999996
mb_12uM,20.0,80,40,12,46.0,16.199999999999996
mb_12uM,20.0,80,40,12,54.0,16.799999999999997
mb_12uM,20.0,80,40,12,60.0,16.799999999999997
mb_8uM,20.0,80,40,8,0.0,0.0
mb_8uM,20.0,80,40,8,1.0,1.799999999999996
mb_8uM,20.0,80,40,8,2.5,4.399999999999999
mb_8uM,20.0,80,40,8,4.0,6.2
mb_8uM,20.0,80,40,8,6.0,8.399999999999997
mb_8uM,20.0,80,40,8,9.0,11.399999999999999
mb_8uM,20.0,80,40,8,11.0,13.0
mb_8uM,20.0,80,40,8,13.5,15.399999999999997
mb_8uM,20.0,80,40,8,16.0,17.4
mb_8uM,20.0,80,40,8,19.0,20.0
mb_8uM,20.0,80,40,8,23.0,23.000000000000004
mb_8uM,20.0,80,40,8,33.0,30.2
mb_8uM,20.0,80,40,8,39.0,34.0
mb_8uM,20.0,80,40,8,46.0,37.8
mb_8uM,20.0,80,40,8,56.5,42.0
mb_8uM,20.0,80,40,8,60.0,43.0
mb_9uM,20.0,80,40,9,0.0,0.0
mb_9uM,20.0,80,40,9,0.5,1.4000000000000012
mb_9uM,20.0,80,40,9,2.0,3.199999999999997
mb_9uM,20.0,80,40,9,4.0,5.199999999999999
mb_9uM,20.0,80,40,9,6.0,6.800000000000001
mb_9uM,20.0,80,40,9,9.0,8.800000000000002
mb_9uM,20.0,80,40,9,12.0,10.399999999999999
mb_9uM,20.0,80,40,9,16.0,12.6
mb_9uM,20.0,80,40,9,20.0,14.600000000000001
mb_9uM,20.0,80,40,9,28.0,18.0
mb_9uM,20.0,80,40,9,35.0,20.8
mb_9uM,20.0,80,40,9,41.0,23.000000000000004
mb_9uM,20.0,80,40,9,53.0,26.999999999999996
mb_9uM,20.0,80,40,9,60.0,29.2
